-- phpMyAdmin SQL Dump
-- version 5.2.2deb1
-- https://www.phpmyadmin.net/
--
-- Host: localhost:3306
-- Generation Time: Nov 22, 2025 at 03:17 PM
-- Server version: 8.4.7-0ubuntu0.25.04.1
-- PHP Version: 8.4.5

SET SQL_MODE = "NO_AUTO_VALUE_ON_ZERO";
START TRANSACTION;
SET time_zone = "+00:00";


/*!40101 SET @OLD_CHARACTER_SET_CLIENT=@@CHARACTER_SET_CLIENT */;
/*!40101 SET @OLD_CHARACTER_SET_RESULTS=@@CHARACTER_SET_RESULTS */;
/*!40101 SET @OLD_COLLATION_CONNECTION=@@COLLATION_CONNECTION */;
/*!40101 SET NAMES utf8mb4 */;

--
-- Database: `stem`
--

-- --------------------------------------------------------

--
-- Table structure for table `architekturos_standartai`
--

CREATE TABLE `architekturos_standartai` (
  `arch_id` int NOT NULL,
  `strategijos_id` varchar(25) NOT NULL,
  `os_standartas` varchar(50) NOT NULL,
  `frontend_karkasas` varchar(50) NOT NULL
) ENGINE=InnoDB DEFAULT CHARSET=utf8mb4 COLLATE=utf8mb4_0900_ai_ci;

--
-- Dumping data for table `architekturos_standartai`
--

INSERT INTO `architekturos_standartai` (`arch_id`, `strategijos_id`, `os_standartas`, `frontend_karkasas`) VALUES
(1, 'GYNYBA_LTS', 'DEB/RPM LTS', 'MVP (Legacy) / Qt Widgets'),
(2, 'OFENSYVA_STS', 'Kubuntu STS (Wayland/Qt 6)', 'MVVM (SvelteKit) / Qt QML');

-- --------------------------------------------------------

--
-- Table structure for table `business_model`
--

CREATE TABLE `business_model` (
  `id` int NOT NULL,
  `short_ly` varchar(16) NOT NULL DEFAULT 'data-*',
  `description` varchar(256) DEFAULT NULL,
  `user_id` int NOT NULL,
  `RISC` varchar(16) NOT NULL DEFAULT 'III',
  `SoDRA` varchar(24) DEFAULT 'Autizmo invalidumas',
  `Pajamų klasė` varchar(256) DEFAULT 'Invalidumo išmokų kolekcija'
) ENGINE=InnoDB DEFAULT CHARSET=utf8mb4 COLLATE=utf8mb4_0900_ai_ci;

--
-- Dumping data for table `business_model`
--

INSERT INTO `business_model` (`id`, `short_ly`, `description`, `user_id`, `RISC`, `SoDRA`, `Pajamų klasė`) VALUES
(2, 'API', 'NYSE S&P NASDAQ', 6, 'III', 'Autizmo invalidumas', 'Invalidumo išmokų kolekcija'),
(4, 'DDD', 'Intra-engine built-in server-compatible NFQ KAKA features.', 9, 'MIPS', 'Šizofrenijos invalidumas', 'e-star!'),
(5, 'SOLID', 'Vendor-bound framework for internet business e-VEVO Samsung CCCP sistema - tarptautinė data-basis elektrifikacija.', 10, 'III', 'Autizmo invalidumas', 'Invalidumo išmokų kolekcija'),
(7, 'SAPI', 'Vendor-bound framework for internet business e-VEVO Samsung CCCP sistema - tarptautinė data-basis elektrifikacija.', 11, 'III', 'Autizmo invalidumas', 'Invalidumo išmokų kolekcija'),
(8, 'data-*', 'API', 12, 'III', 'Autizmo invalidumas', 'Invalidumo išmokų kolekcija');

-- --------------------------------------------------------

--
-- Stand-in structure for view `control_freak`
-- (See below for the actual view)
--
CREATE TABLE `control_freak` (
`Agentas` varchar(255)
,`Rolė` varchar(50)
,`Mandatas` longtext
,`Vizualinis Branduolys` longtext
,`Režimas` longtext
);

-- --------------------------------------------------------

--
-- Table structure for table `darbo_grafikas`
--

CREATE TABLE `darbo_grafikas` (
  `id` int NOT NULL,
  `pobūdis` enum('part_time','full_time') CHARACTER SET utf8mb4 COLLATE utf8mb4_0900_ai_ci NOT NULL DEFAULT 'part_time',
  `user_id` int NOT NULL
) ENGINE=InnoDB DEFAULT CHARSET=utf8mb4 COLLATE=utf8mb4_0900_ai_ci;

--
-- Dumping data for table `darbo_grafikas`
--

INSERT INTO `darbo_grafikas` (`id`, `pobūdis`, `user_id`) VALUES
(5, 'full_time', 6),
(6, 'part_time', 9),
(7, 'part_time', 10),
(8, 'part_time', 12),
(9, 'part_time', 11);

-- --------------------------------------------------------

--
-- Table structure for table `employees`
--

CREATE TABLE `employees` (
  `id` int NOT NULL,
  `initials` varchar(3) CHARACTER SET utf8mb4 COLLATE utf8mb4_unicode_ci NOT NULL,
  `full_name` varchar(255) CHARACTER SET utf8mb4 COLLATE utf8mb4_unicode_ci NOT NULL,
  `role_id` int NOT NULL,
  `manager_id` int DEFAULT NULL,
  `color_preference` varchar(20) CHARACTER SET utf8mb4 COLLATE utf8mb4_unicode_ci DEFAULT NULL,
  `os_flavour` enum('GNOME','Edubuntu','Ubuntu MATE','Ubuntu Budgie','Kubuntu','Xubuntu','Lubuntu','Kylin','Ubuntu Cinnamon','COSMIC','Unity') CHARACTER SET utf8mb4 COLLATE utf8mb4_unicode_ci DEFAULT NULL,
  `hourly_wage` decimal(10,2) NOT NULL,
  `attributes` json DEFAULT NULL,
  `Google panel` varchar(16) CHARACTER SET utf8mb4 COLLATE utf8mb4_unicode_ci DEFAULT 'web',
  `OEM` varchar(30) CHARACTER SET utf8mb4 COLLATE utf8mb4_unicode_ci DEFAULT NULL,
  `Google Play` varchar(16) CHARACTER SET utf8mb4 COLLATE utf8mb4_unicode_ci DEFAULT 'Play Pass',
  `IDE` enum('PHPStorm','WebStorm','MS Visual Studio','VS Code','MS Power BI') CHARACTER SET utf8mb4 COLLATE utf8mb4_unicode_ci DEFAULT NULL,
  `Binary Text Editor` varchar(12) CHARACTER SET utf8mb4 COLLATE utf8mb4_unicode_ci NOT NULL DEFAULT 'Notepad++',
  `Išmanusis` varchar(256) CHARACTER SET utf8mb4 COLLATE utf8mb4_unicode_ci NOT NULL DEFAULT 'Fossibot F112 PRO 5G',
  `laptopas` varchar(512) CHARACTER SET utf8mb4 COLLATE utf8mb4_unicode_ci DEFAULT 'AMD',
  `BYOD` varchar(16) CHARACTER SET utf8mb4 COLLATE utf8mb4_unicode_ci DEFAULT 'MERN',
  `STEM` varchar(256) CHARACTER SET utf8mb4 COLLATE utf8mb4_unicode_ci NOT NULL DEFAULT 'LAMP',
  `VEVO` varchar(256) CHARACTER SET utf8mb4 COLLATE utf8mb4_unicode_ci NOT NULL DEFAULT 'LEMP',
  `SPA` varchar(16) CHARACTER SET utf8mb4 COLLATE utf8mb4_unicode_ci NOT NULL DEFAULT 'HAL',
  `$_GOT` varchar(1024) CHARACTER SET utf8mb4 COLLATE utf8mb4_unicode_ci NOT NULL DEFAULT 'AON Baltics',
  `AI` varchar(8) CHARACTER SET utf8mb4 COLLATE utf8mb4_unicode_ci NOT NULL DEFAULT 'gemini',
  `zencode` varchar(16) CHARACTER SET utf8mb4 COLLATE utf8mb4_unicode_ci DEFAULT 'emmet.js',
  `Framework MVC` enum('Laminas','CakePHP','CodeIgniter','Slimframework','Laravel','express.js','Symfony') CHARACTER SET utf8mb4 COLLATE utf8mb4_unicode_ci NOT NULL,
  `ChatBot` varchar(16) CHARACTER SET utf8mb4 COLLATE utf8mb4_unicode_ci NOT NULL DEFAULT 'Slack',
  `EULA` varchar(24) CHARACTER SET utf8mb4 COLLATE utf8mb4_unicode_ci NOT NULL DEFAULT 'mermaidchat.com',
  `Gamifier` varchar(24) CHARACTER SET utf8mb4 COLLATE utf8mb4_unicode_ci DEFAULT 'Discord',
  `VoIP` varchar(8) CHARACTER SET utf8mb4 COLLATE utf8mb4_unicode_ci NOT NULL DEFAULT 'Viber',
  `sys` varchar(16) CHARACTER SET utf8mb4 COLLATE utf8mb4_unicode_ci DEFAULT 'full-stack',
  `LTE` varchar(16) CHARACTER SET utf8mb4 COLLATE utf8mb4_unicode_ci NOT NULL DEFAULT 'MVVM',
  `SOS` varchar(8) CHARACTER SET utf8mb4 COLLATE utf8mb4_unicode_ci NOT NULL DEFAULT 'e-star',
  `IaaS` varchar(8) CHARACTER SET utf8mb4 COLLATE utf8mb4_unicode_ci NOT NULL DEFAULT 'C2C',
  `SaaS` varchar(16) CHARACTER SET utf8mb4 COLLATE utf8mb4_unicode_ci DEFAULT 'FinTech',
  `PaaS` varchar(24) CHARACTER SET utf8mb4 COLLATE utf8mb4_unicode_ci NOT NULL DEFAULT 'B2C',
  `SWOT` varchar(16) CHARACTER SET utf8mb4 COLLATE utf8mb4_unicode_ci NOT NULL DEFAULT 'NFQ' COMMENT 'nfq.lt',
  `QHD` varchar(8) CHARACTER SET utf8mb4 COLLATE utf8mb4_unicode_ci DEFAULT 'KTC' COMMENT 'HDMI',
  `FHD` varchar(16) CHARACTER SET utf8mb4 COLLATE utf8mb4_unicode_ci DEFAULT 'Dell' COMMENT 'VGA',
  `MVP` varchar(16) CHARACTER SET utf8mb4 COLLATE utf8mb4_unicode_ci DEFAULT 'angular.js',
  `KVM` varchar(8) CHARACTER SET utf8mb4 COLLATE utf8mb4_unicode_ci DEFAULT 'ELK',
  `COMET` enum('Web Sockets','CUJO','BitCoin','') CHARACTER SET utf8mb4 COLLATE utf8mb4_unicode_ci NOT NULL DEFAULT 'CUJO',
  `Alma Matter` varchar(16) CHARACTER SET utf8mb4 COLLATE utf8mb4_unicode_ci NOT NULL DEFAULT 'postgrad',
  `SIGMA` varchar(256) CHARACTER SET utf8mb4 COLLATE utf8mb4_unicode_ci DEFAULT 'PERT',
  `QA` varchar(8) CHARACTER SET utf8mb4 COLLATE utf8mb4_unicode_ci DEFAULT 'ABC',
  `QE` varchar(8) CHARACTER SET utf8mb4 COLLATE utf8mb4_unicode_ci DEFAULT 'AB',
  `API` varchar(256) CHARACTER SET utf8mb4 COLLATE utf8mb4_unicode_ci NOT NULL DEFAULT 'SAPI',
  `ADR` varchar(256) CHARACTER SET utf8mb4 COLLATE utf8mb4_unicode_ci NOT NULL DEFAULT 'slim-framework',
  `IEEE` varchar(256) CHARACTER SET utf8mb4 COLLATE utf8mb4_unicode_ci NOT NULL DEFAULT 'DSO',
  `LLC` varchar(256) CHARACTER SET utf8mb4 COLLATE utf8mb4_unicode_ci NOT NULL DEFAULT 'ĮV',
  `CRUD` varchar(256) CHARACTER SET utf8mb4 COLLATE utf8mb4_unicode_ci NOT NULL DEFAULT 'ASCII',
  `LSE` varchar(256) CHARACTER SET utf8mb4 COLLATE utf8mb4_unicode_ci DEFAULT NULL,
  `REST` varchar(16) CHARACTER SET utf8mb4 COLLATE utf8mb4_unicode_ci NOT NULL DEFAULT 'HTTP',
  `ACL` enum('Casio','CITIZEN') CHARACTER SET utf8mb4 COLLATE utf8mb4_unicode_ci NOT NULL DEFAULT 'CITIZEN',
  `TED` varchar(16) CHARACTER SET utf8mb4 COLLATE utf8mb4_unicode_ci NOT NULL DEFAULT 'uGreen',
  `R&D` varchar(8) CHARACTER SET utf8mb4 COLLATE utf8mb4_unicode_ci NOT NULL DEFAULT 'XOR',
  `LTS` varchar(256) CHARACTER SET utf8mb4 COLLATE utf8mb4_unicode_ci NOT NULL DEFAULT 'USB-SS',
  `UML` varchar(16) CHARACTER SET utf8mb4 COLLATE utf8mb4_unicode_ci NOT NULL DEFAULT 'git-flow',
  `APU` enum('AMD','EPU') CHARACTER SET utf8mb4 COLLATE utf8mb4_unicode_ci DEFAULT 'AMD',
  `QML` enum('SSL/TLS','KML','TCL','Qt','Unity','TK') CHARACTER SET utf8mb4 COLLATE utf8mb4_unicode_ci NOT NULL DEFAULT 'Qt',
  `C2C` varchar(16) CHARACTER SET utf8mb4 COLLATE utf8mb4_unicode_ci DEFAULT 'Ovocus',
  `EA` varchar(8) CHARACTER SET utf8mb4 COLLATE utf8mb4_unicode_ci DEFAULT 'BFT',
  `->Doctrine!` enum('ORM','ADR','ODM') CHARACTER SET utf8mb4 COLLATE utf8mb4_unicode_ci NOT NULL DEFAULT 'ADR',
  `DISARRAY` enum('PHP','node') CHARACTER SET utf8mb4 COLLATE utf8mb4_unicode_ci NOT NULL DEFAULT 'PHP',
  `Google Chromebook Plus IDE` enum('Zed','MS VS Studio Code') CHARACTER SET utf8mb4 COLLATE utf8mb4_unicode_ci DEFAULT NULL,
  `KTU Ritter Listerine Sport` varchar(16) CHARACTER SET utf8mb4 COLLATE utf8mb4_unicode_ci DEFAULT 'Strava',
  `sellerx.com` varchar(8) CHARACTER SET utf8mb4 COLLATE utf8mb4_unicode_ci DEFAULT 'JIRA',
  `ENIGMA` varchar(256) CHARACTER SET utf8mb4 COLLATE utf8mb4_unicode_ci DEFAULT 'full-stack web developer',
  `Google` varchar(8) CHARACTER SET utf8mb4 COLLATE utf8mb4_unicode_ci DEFAULT 'go',
  `Handbook` varchar(256) CHARACTER SET utf8mb4 COLLATE utf8mb4_unicode_ci NOT NULL DEFAULT 'Trečiojo Reich Triumfas',
  `SWAT` varchar(256) CHARACTER SET utf8mb4 COLLATE utf8mb4_unicode_ci DEFAULT '::void',
  `TPM` enum('LTS','STS') CHARACTER SET utf8mb4 COLLATE utf8mb4_unicode_ci NOT NULL DEFAULT 'STS',
  `Laminas` varchar(24) CHARACTER SET utf8mb4 COLLATE utf8mb4_unicode_ci NOT NULL DEFAULT 'Ubuntu Studio',
  `SWAG` varchar(512) CHARACTER SET utf8mb4 COLLATE utf8mb4_unicode_ci DEFAULT '::array[]',
  `proc` varchar(256) CHARACTER SET utf8mb4 COLLATE utf8mb4_unicode_ci NOT NULL DEFAULT 'CCCP',
  `APXS` varchar(16) CHARACTER SET utf8mb4 COLLATE utf8mb4_unicode_ci DEFAULT 'IPO',
  `Inc.` varchar(16) CHARACTER SET utf8mb4 COLLATE utf8mb4_unicode_ci DEFAULT 'Like a pro!',
  `AJAX` varchar(8) CHARACTER SET utf8mb4 COLLATE utf8mb4_unicode_ci NOT NULL DEFAULT 'ASYNC',
  `ASAF` varchar(16) CHARACTER SET utf8mb4 COLLATE utf8mb4_unicode_ci DEFAULT 'Pentium',
  `deprecation_error` varchar(24) CHARACTER SET utf8mb4 COLLATE utf8mb4_unicode_ci NOT NULL DEFAULT 'https://php-di.org/',
  `UTC/GMT` varchar(16) CHARACTER SET utf8mb4 COLLATE utf8mb4_unicode_ci NOT NULL DEFAULT 'Europe/Vilnius',
  `Vimeo` varchar(256) CHARACTER SET utf8mb4 COLLATE utf8mb4_unicode_ci DEFAULT 'https://github.com/mnapoli/silly.git',
  `RESTful` varchar(16) CHARACTER SET utf8mb4 COLLATE utf8mb4_unicode_ci DEFAULT 'CLI',
  `Adobe` varchar(24) CHARACTER SET utf8mb4 COLLATE utf8mb4_unicode_ci DEFAULT 'Magento',
  `CTX` varchar(256) CHARACTER SET utf8mb4 COLLATE utf8mb4_unicode_ci NOT NULL DEFAULT 'Hesburger',
  `Hollywood` varchar(512) CHARACTER SET utf8mb4 COLLATE utf8mb4_unicode_ci DEFAULT 'Express Pizza',
  `MIDI` varchar(1024) CHARACTER SET utf8mb4 COLLATE utf8mb4_unicode_ci NOT NULL DEFAULT 'SHIELD',
  `prototype.in` varchar(256) CHARACTER SET utf8mb4 COLLATE utf8mb4_unicode_ci NOT NULL DEFAULT 'KFC',
  `std` varchar(8) CHARACTER SET utf8mb4 COLLATE utf8mb4_unicode_ci NOT NULL DEFAULT 'ISO',
  `alibi` varchar(256) CHARACTER SET utf8mb4 COLLATE utf8mb4_unicode_ci NOT NULL DEFAULT 'Toshiba',
  `avatar'as` blob,
  `slow_mode` varchar(1024) CHARACTER SET utf8mb4 COLLATE utf8mb4_unicode_ci NOT NULL DEFAULT 'gtk::__helper():\\SEGMENTINIS_FAULT',
  `Umidigi` varchar(512) CHARACTER SET utf8mb4 COLLATE utf8mb4_unicode_ci DEFAULT '$_GOT',
  `distro` varchar(1024) CHARACTER SET utf8mb4 COLLATE utf8mb4_unicode_ci NOT NULL DEFAULT 'Questing Quokka',
  `Symfony` varchar(16) CHARACTER SET utf8mb4 COLLATE utf8mb4_unicode_ci NOT NULL DEFAULT 'LGBTQIA' COMMENT 'LGBT',
  `etc.` varchar(512) CHARACTER SET utf8mb4 COLLATE utf8mb4_unicode_ci NOT NULL DEFAULT 'MATRIX',
  `created_at` timestamp NULL DEFAULT CURRENT_TIMESTAMP,
  `updated_at` timestamp NULL DEFAULT CURRENT_TIMESTAMP ON UPDATE CURRENT_TIMESTAMP
) ENGINE=InnoDB DEFAULT CHARSET=utf8mb4 COLLATE=utf8mb4_0900_ai_ci;

--
-- Dumping data for table `employees`
--

INSERT INTO `employees` (`id`, `initials`, `full_name`, `role_id`, `manager_id`, `color_preference`, `os_flavour`, `hourly_wage`, `attributes`, `Google panel`, `OEM`, `Google Play`, `IDE`, `Binary Text Editor`, `Išmanusis`, `laptopas`, `BYOD`, `STEM`, `VEVO`, `SPA`, `$_GOT`, `AI`, `zencode`, `Framework MVC`, `ChatBot`, `EULA`, `Gamifier`, `VoIP`, `sys`, `LTE`, `SOS`, `IaaS`, `SaaS`, `PaaS`, `SWOT`, `QHD`, `FHD`, `MVP`, `KVM`, `COMET`, `Alma Matter`, `SIGMA`, `QA`, `QE`, `API`, `ADR`, `IEEE`, `LLC`, `CRUD`, `LSE`, `REST`, `ACL`, `TED`, `R&D`, `LTS`, `UML`, `APU`, `QML`, `C2C`, `EA`, `->Doctrine!`, `DISARRAY`, `Google Chromebook Plus IDE`, `KTU Ritter Listerine Sport`, `sellerx.com`, `ENIGMA`, `Google`, `Handbook`, `SWAT`, `TPM`, `Laminas`, `SWAG`, `proc`, `APXS`, `Inc.`, `AJAX`, `ASAF`, `deprecation_error`, `UTC/GMT`, `Vimeo`, `RESTful`, `Adobe`, `CTX`, `Hollywood`, `MIDI`, `prototype.in`, `std`, `alibi`, `avatar'as`, `slow_mode`, `Umidigi`, `distro`, `Symfony`, `etc.`, `created_at`, `updated_at`) VALUES
(6, 'PB', 'Povilas Brilius', 8, 11, 'Orange', 'Kubuntu', 6.35, '{\"VPN\": \"ExpressVPN\", \"eSIM\": \"LABAS\", \"kūfa\": \"KAKA\", \"Adidas\": \"Sport\", \"vmi.lt\": \"DDD\", \"Commuter\": \"Google Go\", \"tabletas\": \"Fossibot\", \"Advokatas\": \"Sorainen\", \"WP JetPack\": \"Developer\", \"System_Mode\": \"Wayland/Hybrid\", \"Visual_Core\": \"K-Pop/Anime (Rei)\", \"Muzika darbe\": \"Spotify\", \"Active_Mandate\": \"IVE-MEDIA-PROC-2025\", \"Cloud Provider\": \"AWS\", \"Cloud Workspace\": \"Google Starter\", \"Prekybcentrio kortelė\": \"Ačiū\", \"Darbinio hypermarketo kortelė\": \"Norfa\", \"Mobile-first security switching swatch\": \"Google One\"}', 'web', 'C13ZgH72w6vbuXNxxXLmd3RhLGGDEz', 'Play Pass', 'PHPStorm', 'Zed', 'Fossibot F112 PRO 5G', '$_GOT', 'MERN', 'LAMP', 'LEMP', 'HAL', 'Samsung Galaxy A12', 'gemini', 'emmet.js', 'Laravel', 'Slack', 'mermaidchat.com', 'Discord', 'Viber', 'full-stack', 'MVVM', 'e-star', 'C2C', 'FinTech', 'B2C', 'NFQ', 'KTC', 'Dell', 'backbone.js\n', 'ELK', 'CUJO', 'postgrad', 'PERT', 'ABC', 'AB', 'SAPI', 'phpleague', 'DSO', 'ĮV', 'ASCII', 'PhD in web cybernetics economics and finances', 'HTTP', 'Casio', 'uGreen', 'XOR', 'USB-SS', 'git-flow', 'EPU', 'TK', 'Ovocus', 'BFT', 'ORM', 'PHP', 'MS VS Studio Code', 'Strava', 'JIRA', 'full-stack web developer', 'go', 'Poco F7 Ultra', '::void', 'LTS', 'Ubuntu Studio', '::array[]', 'Fossibot F112 PRO 5G - orange virus logistics logic', 'IPO', 'Like a pro!', 'ASYNC', 'Pentium', 'https://php-di.org/', 'Europe/Vilnius', 'https://github.com/mnapoli/silly.git', 'CLI', 'Magento', 'Hesburger', 'Express Pizza', 'SHIELD', 'KFC', 'ISO', 'Kingston', 0x89504e470d0a1a0a0000000d494844520000019000000190080600000080bf36cc0000000970485973000003e8000003e801b57b526b000020004944415478daeddd59731ce7b9d871568e4c62a6bb674080b62c59b21692e28a7ddf176ab5ac85a2164a24c515241662250170df45d927172e27a9947d92d43949e52275e2e4e2dce72a1f8317e7dc9f3adf20c19be779bb6700d28aac9e7e200e81bfabfe455ba5190ea6bb9f5f770f3cef96b0e1056755d0f882ab69ff85abe978c9a46d9dd2c02b6edbd0ab66e5dedae9f26fefb2e99d5d2ef8708f0b3fde6b56e1f383aef845835dc79a5cedf166bb4eb5b8dad3ad769d6b73b563ed769d972e7498542c356e54f27c56afcfffac96ef9d6e0bcb6dabfb8ae1bea7fbb2e5b151f8eca0e9b1abb3c06cb648b937779ace3e3f4b8d66b3b4b2b5f9c5475b000440000440000440000440000440000440000440000440000440000440000440000440000440000440000440000440000440000440000440000440000440000440000440000440000440000440000440000440000440000440000440000440000440000440000440000440000440000440000440000440000440000440000440000440000440000440000440006443035294e72a8e69c97f2f75b6b20aa5ced916bf4e798de7e300044000044000e42902b20a45ab2b9e91e475164e4a5f37bbc209e97853eaa252270c92d7e193d7a4afcdbfc6359000088000088000c8d3044487f2e9048daf1a5df4c541177d7ac08547f6bbf0930c1d31e8534d5e8bbc267d6dfa1acb880008803cab80e8d0b72adff482bcc05fc483dfa22e69507ee8e157cdcabdbdd30f7e93de15403e12400eef35ab2003a678b4c12e39832eca19b859a793b367abc6dacab772b2e46f0f9d6991b37c39dbffaac10fede00339a0dfdb1d1f8c72e2f05493fd25a7af455e93be367d8dd149814eae980afa3354f4994abbc97b576eaccd76dbeabe62b9efe9be6c786ce8c99ae5b1abb3c06cb6bc13efb396b3cfcf52abd9dc2980b40a20fe8ac1288f47ff2fe3176ad1d02bf1c07f77974defed72e1477b5d74789f4d9fecf33b62ed978d2615e5ccb47c7bc3aa0bed661f0217b4c94e5798ea3229d266bb5d34d793b970bacbb5fcc3f3a6bdf1bb23a6e959608d6226fb6020db3a143c22793fa3996e5798ef4d9dc5fbf658ba2d8cb6ad4ff79571cb5f4268b73d36f458333a76fdf12b573566b345d2596536fb249da566b379f09595ad3d2f0b20769734b14c96570c23afc667f9bfda6dd3fbbbfd8629c819a0499fee77b53208b6cba5b545b57286557b26b9ad6390bf3d3221079e1cc816f981705106c374b74991362f836ba13773a10ce16a07e427ad2fbaad7dbf74357a86f9d90117c8197aa880ccf6b8c2a5bed459bc6f8fa5dbc268dbfa2ec68858ed7f7e5f363a367c7aac191dbbfef81544cc668b5ea5caac329b7d92ce52c32b9a15d99701044000e4c702e4b97d3ff5886c1b7ecde574387cddec42d93e000220000220000220dfdb5fbdbeddfda4e179b74dae42721fee75816cef701c4000044000044000e42f01f24ad13db7ffa76e5bcfcb2ef7eb3d312017da010440000440000440000440000440000440000440000440000440000440000440000440000440000440000440000440000440000440000440000440000440000440000440000440000440000440000440000440000440000440000440000440000440d60310bf8682aeaa67905f6b62bcdd15e4c02b951590684a92c16051a8cd75bb50065729004907c8daf72e73ba2d9ed846590189d6ec7b99d37df9897d1c40000440928ac71a570159bb284f8515b4f36df13a1e0688e8302803a26b79e83fcb907e957938a388f46446643302b23af89366bbfdfb5071d35df1d7cb97d66ac98888df57cac35f929f3553ba2f978e0b0b44000440360a20fa3c1e90530900fae7c9e6b8af2baba02bde9d8b57bcf307e078e588e8633c206b11d06f92bd5079a176b1331e5e3afce62a4764b30152befa28c1319d5cd16932b82b4eb7cd44b27d3320129f64c4fbc82a00d2585be5e9be5c3a3e9e800440000440141005430f120540064c41fe99efab94c963224daf4274b9d7122259019948068c0e1a79ce509edb773665a5c74d74c443af840880fc7040d6e2a1c35fdecb60bcdd05f29cc1f9945d88d36da2dbd59f1cac41a46240d6c2a12b30cad0d67db2d20a279a568f110079fa8018ae911baf613ef48a1ffc268dbeea97a1d5c16fd2af77fb656875f09bf4d97e3ff4fd87df19d3e7f9e944b7fbe9c51eb7439bec763b26badc8e0b5daefebcd69932192a470fbaf06b19527af0c901ac07737c1521884c75a64a1f53bfd0efea2e49fae75c9fab9be97575d33dae4e5e6fdd54cae431ba225f70411091e7f643b004c8820072a93755fad8a6fff9735fe3ff903ffff433d7f4df7fe61a4bfd7dfad60b90adbd2fbb1a5daf5db6bb0e7c8520badc97aa507ee61d5787dd8e2bc3ae7e69c8d55f1e90ed23cdf7bbfad93e573f9332794c70b625de260abb62a2b7181577d936baec6e9af431fa9aeaf4f5c8be523fdd9bec27ddae6ea2b2fcbeac27458248e1949c609d69893fe7932b13bf9e7bda141f8363b77c0ceb899bd56c91745699cd3e4967a9d96c1e1140fa15900119f8560ddaaf615e10858ba2b149b2518a5fc9863ede6cd389e6f8379de40c2b6b7a86b6430ee21d3a04e6fae3837aaad7d54ff6b87a3d80c6d3a58fd133dce074ab0bc66418c8554338ad67f97a86af67ed7da9d2c7d42f0fbbbaab43ae6e79d0d5e9701048b6cb70d83edbebb6cfa44c1e139c6f73c1849cf92a1e0ac765816049feae2bfd2eba3a90aa70b1efcf01f9539501f25aad7baee1676eab1e2bb25fe76400e667ba5cb0dcefc2eb83a90aaec97e726bd4d55f1f71f50249fde2a0abbf1403e2719f4d993c267f4ef715dd261df167536bb64924af314dfa98ba6bb2af2c4a97063d24db659fde3e2d5d94ed2f2711a992c7f87d59ae3cfc5af27a9554bad556e9e734ba6ebbc1b15b4e6781d56cd1745659cd3ebdaaf9d8748df595dca1d7049021d1c4aa61fb5b4efa83d77e76c0a6cf25d930b55fb798543cd912ef3872b99f35bdbdb4430eb21d7e080c9401a99be88951902b9154c963f27246e4cf28059060526f13c578847a0be4727faaf4313aa86240863c20dbe7158fbef47824e5c75ae35b2e254016633c42198e910cc9348532b4aa1f90edeeb9c6e7dd56bdcd7b440091819d9f13e815c09b43a90a6e0818b70fb9fa1b8f0352c643af0ed3248fc92b68ba4df4569802b2b0ba4d52832e8fa9bb3e9cec2b6b0029e1319932794c5ef02803a257d3091e7ac553d0db806953440c8edd723a0b8c668b4f6795d5ec938a9f98de125bc9bff53a80541520732540fafd25bf5e7d94f1389f32794cfecb06973fa9b72464484f241f56cf1900b234e86f65f9ab0fc5605acf1053268fc9cb20d05b58c1c54e17e8af9002487a40f40a446f632543dae351ba5d9426794cfe54b36c9396f8f3902750af1890a5f80a64fb6c7fbcaf783cbaddf68994c963fcbeacebc8cb954858ba0201100001902700d15b5872a65637b9068fb1ce74c963f247051039e082b36d3120d3d900a9bbf20420a5ab0f0561aa3b5df2187fc6abb7b1a6d600b20c20e901195abdfa98e9adf833a9fcc926bf4dfcad455340066240f4ea43af260484daf174e963fcbe5c02640c400004400004400004400004400004400004400004400004400004400004400004400004400004400004400004400004400004400004400004400004400004400004400004400004400004400004400004400004400004400004400004400004400004400004400004401410bf504ed6a53a93457776ccadf93af7b55fa6789e2f530410be4c317ff23b00d105afa6bb53af57e2537c9e380e0104407e34400aba6a600990cccb75c6eb81f86fe27d1210bece1d40f83af7f8ebdc4fae0164bc6315914ad2af831f5bb35a6756440004407ef0d5c789e6189073ab00f8d5d1b433152483dea33197ac2837dde76f63f905a51412bd9d95227d4c50ba7da56b8f4f190172ed89ab1045642e81244df2187fa63b25c34a5722bcb4ba981480a400e4e6a8abbf26882c0ff9ab108f486951a934c9633c1e7e9b74c6ab435ecab0c05719104970ab5b486e63cd946e7ba64c8e8de04cb2a094fce99743d6af74d7a5954b90a44d1feb57344c8ee1f31911011000490d4869074c1088e40cc9f775faea2ff6c4789496249d8e9702f55d4cd974b282dbf9f6c73fffd0d505b300723d41643941445726bcd45f51feb38f9935571ffaf9870e1f00f96180dc490029ad4aa888e895480249aae431c164c7e3db445723d46d5221207a75e43f375b4aae421662dc3c2415e4afa4158fb35a5b8c88a62b6e5692aeffaeebac9f598308803c65408cd730d76568fde037a8f8c5817819da932d99533c76c865f58ed2c0d7e13fa5570bf172b2f5135da90b8ee92da7e6f84c4b3f1f282d315a490ac7f9f66420c8909a932b920541e5729f2f5cec4f55e971c1a23c870cfb40ce4e0319327af510cc76f9a559d3a48ff18f5de8899f4f0655204347976ad5522ff12a8f6ff987e74db306e45f1903e2df2b7dcf9656b7873e5f5eded7b4dbc33fa6b44d74bb0a1efe7993ede2614f917f5dcb7df13e2757bdc1ac3ca79cc40417e5ef98aa2cff617cf9165d729b6ebaf2fced5d5d67fd54b3bf12d1db597ea5c3714164a2237d8a8fc16c29a7b3ca68f6f9f977c4748df51890dc5b3b9d596fef74e1477b5d74789f4d22a6ae0bec2536c86f1039f328caa56bd6e20fbdfbcb6770fe3640e9c3cbc9caf2bf65722eb98d30119f0dfa0fbe672bcba3a183a0349caf0e543ea093c705d793f4bf5f4d9e374bd7fae3617853ba3514775b86e49de154e96baa7a405e17409a041039d1daf6f97e97bbd0e6f297641bdd90ed71773855c19da1d5f74bdfbfebc9f6c8b44dfa92fda43f7ebed2769142f97bd2e41f776320dee73c2609748b1526fbb1de3add5ebaea5dd0db74f12f0d54fa199c3f49f39f11ca55ccb8dee6d52bf52e7fec4472eca44e7f1bcc60b694d35975a2d96efe7dd968379b0fef5b09df7fe3d196fcdbbb9c59efecf24f5ed005dc2d92ab8fa2f5afddea8699e8cc9cfefadf0ed989eb4b97e6a5df7ea9f4b74cf4d7144f3425bf99d4e1cfb83c04fa99c542fcb945dafc15831f0683f130484a7bb6fbd8596f69d0df7cfc39fddf91a6d2e34acf777b384e41b83b923a7daeaa07646702c8880272c0e5e44c37afc0eb80be37923a7dafcaef9bdf26195bbb4d6eae0215caf357d263fbc8da93904a1288eaf49698de3a5d5c3de6fc672ad3957da6923fb3061039610b2f968e39c1408eb9d409220583d9524e67d549bb5b62c5634d76b3f9c8fe95e8833d00920990f91220c9af4f5e4cf018ef72db2fa44c1e933fde18efd47a05a23bb3ec901e03bd8db494be6069cd9964463cca88acbd52b02a81a3523c362b20fee74edeb7322459fa8e6d53291ebe5b438f9f64644900aabb997ca652fe503ec163aaa7a2fcaf2d9f6a8eaf44c61340660004407e5440065cbd9e0dcd2480e8d5c485ae8aca1f6b8cff8f5c4f02221044cb03a90b3503341e2beb5079b20c6800887177866db7ed2dbbfd4eb76fddadd13f07a4f46bc169aff8159093cdf1ffb7e46cfcebe40002200002200002200002200002200002200002200002200002200002200002200002200002200002200002200002200002200002200002200002200002200002200002200002200002200002200002200002200002200002200002200002200002200002200002207c996253f2658a1d00b20101f9ab37eadd73ad2fb8ad875e7335470fbadc8400b20820a900b9ca972902085fe7fee7c963f25f37b9e05c5bbc16c874f255ee9701e4070122afadea01697cde3dd7f392dbfaee2e5773acc1e5a63a5c5ed7c8d0f71440fe3220b71340748543bf064fff2a227c9d3b803cab807844e6fb5711d145a52ac8efccba8ae064e7ea5a2000b26100513c7e22571fdb0eef75357af6ab2b33ea624b00f2c301b996ac09e217955a834805f993b5b3f1b2cfe1e4ea62520002203f122003f11ad48babeb3d7b44ca4b6ea6a8b443fbab8f3f5f0b0440fe0220b7aa1f10bdf2d8aa78e8d5877efea1cbf9ea6249b701241520e575d607e22b9185cad2db56fe846d62cded2b3dee00240520efc483df24394074195a1dfc267d2619ad61eed7313fd5e2077f41ce36b216e94e3729c959a43f73d1e530e59f7b006438f80fc2d3349e2c63fbe4fae5c9c250610984b41902525ea5eef6b05dba18920290b1bc3c57fefaa0bf25949beb7635f27eea59fe3619d6db8e1ef41f5a57dc1707b3f765837f2dfa9af4b5e96bcc2ff7b9bc6c9fbcbe07bac260daee1a7767d876db26ab245a01e21747bb9cacb3aec7882edbacc78b1c7ff98be9d2c7f8f4cae362d763571f5900890c664b399d55a7ecd6582f1c6fb29bcd9f0a201f0a20c1877b9c591fed71c5a30daef6ab46938ac724392b2fca598245bae8bdae5b5cd17ac74fe477361902e1626fdc655d7ab6276ebebba2023d23d57be2a5b5cbaf1bac24786728f57adbffdf75b8b57bd2fd11bb1e48df8c662e2fcf9597d797bf2503f97abfcb2df6b8dc7c97cbcd74ba9a8b1dae66aafde926af415f8b7f4df2daf435e66fcb6b95f733afefc1c3d1f47d63dc8311db6d7b2fde674cf63dbf06fc9aa571d7aeb55e5a6f3d4da5c75cea898f5d3d86e57f87cb71913c77eae4f116b3e5b135d68d669fef6cab2b1acd6669a578e4c0a32de1c77b9d5972795efb65a3db2e974a16d58a98fe0717892d2ac819bedf30959c5d7c47fe6c4577b82b7a85d01fef80da6265f91dfa5ab204ed9ab5aac35bc395a7076025b747be6b0dee7ba5a13f6a970eae878732975744e4f9f2f712486e0fc567f772d69abb26a05c7dcac96bd0d7e25f93be367d8d8a9ebe6ec5e0db43e97b68dc37a3b6dbf67ebccf98ed7f779e58bffd7a09944a1bf0c79c3f76afac16094e1525cf63355bcab7c48c669f6faccdd51acd6669a5f6d38300921991122006f9332a4b3c3611208f21e2ff1c8907b4a667f9d550e9f53c48e0c882c72604c45f89ac393632a7c7da15233c0004402a2aeb4eb7a650b34063930252eedb4dd22604c4f4d8d063cde8d8051000011000011000011000011000011000011000011000011000011000011000011000011000011000011000011000011000011000011000011000011000011000011000011000011000011000011000011000011000011000011000011000011000011000011000490348e93bff4d7ae2cb1401044000e4d9012430fa22549f7eb3ef77cc0800d9408094178d994bd2ff3d93215d4760b9ffb1af840610000190ea07a4fc6dbccb6b966358ccd0a5de7826cc76afce978c0b5401481501128db7af6e5cfd733a5989ec62b2a260daf4710bc982344fac2b0020000220d50b48f9ebdc4b70e8317c2969a1c2bb11bac05c6975c3d20a87591001902a04a47486505a86b6d22568936568c3d9ae780779021100011000a972407431aa121e0900c14c57dc74055dec8c6782dee9d0d9f2042200f20300f14b261e6f32a978a2c92fe9e8d7063628948dbb6379c8d56b8b83aefed280ab9fef77f5737dae6e569a4991fcfbf9b3ad2e3fd5e1f2bac3c90e12c88ee897cad4ab90120869330424b8555a8676c42e0001909480987537dea7ad00a9bff3a6abbf31e2eaae0ebb3a9909754b83aeeef280ab93b950b75049fd7e260432a83d24254432001219cd3e9fbcaea2d16c96568a9f092085cf0f3ab3be38e88aa75a5ced995693740ddf825c1216746d60834219f4f5d7465cbdec301e91cbb2c308207573fd090cbd294a00991440e42ca38c47b2246dd5ac616eb4e67839bf829e71bf3944d590f5767db80e6bb65b1d1bb7e5f8bf77c8d5dd1a7575d705912bc3ab800804db2b4867491910bd0a29e1a1b7c516fb5cb4d49faecb7df1bae856096845a3d92cad148f353eda52fca2c19975b4217e81e7da4cd24baec2b4fce0b33d26e9e5e40e0f88b434e4af40ca785cec4d5dee748bcbcb99865e81e46527f14bd25e1bccb614adf52d27eb33fc6fd76170fdf64daa86cc415a872b24b3f5d5e524f29e5c81dc12446426f82b1039a1dc2e5712db652654d46c5f3c13ceea1548870bf4f39079fd5ca5cf850ac2f240ba16e53146b3cf27afa768349ba595e289a6cd0ac8b007c45f76ce26784cf5b8ed933f3cfdf7735f37bbdc050144364c7ea174050220000220cf0a207537476340741e5c1a2843b07da6b27426e4650606e7db6340fc1508806c2c40e472b57e517698f981f2d5874761a2fb07a7ffbe07e47c9bcbcba5617ea1c7054b00022000f24c02b2b8e6ea433198eead280f885c85046302c81480000880000880000880000880000801088000088000080108800008800008c31b40000440000440000440000440000440000440000440000440008400044000044000840004400004400004400004400004400004400004400004400004400004400004400004400840000440f8365e002100e1db780184f5400004400084f54000e49903a4fefa48bc2ae1f270bc22e1428248454bda26b7afe42c2358ec134006e2759601044000a4fa01b92f57200ac88dd17859dba518117f25b290be7849dbb6f8ea63b2d385ba0aaa027219405201a22fd2225dc3371240f44db4282801525ec2727587f190cca748fefdfc78bc9cadbffad0cf3faec6cbd9560ac8baac615ec580e44bc9f0a22a28d91ed50e88457901a44e01b9bde63656796df421ff994825f9992078e86ded404f2cf5d6b640a0f321141452258f0b8d669f4f9707379acdd24ae40139d6e4cc3a2e5d6877c5890e930a931d2e12c123b904b42828dd66ba2a2df7c5eb985fea71f9794160ae82e471c1526ffc7cd7058f9b837eade5a0c275cd158f5fb5be401556ed039a6d943dabf5d5f30f04917bc32eafc7ac1ebbc94cc82ff6c65deea92c9d093253fc6cd119a3cf7b6dc0ff1da19c5ca64a1e171acd3edfbc5c8518cd6669253addfc684bedf1666755f18424021745608b7411f868417ef0cbfd26057229196fccc1f84fc5643969a92fbe0df543d37f7f790d1cb786fc65b1afc2db507a66c4900010fa1e408cae66f28ac8fdf84ac41fbb7a0cdf4830b9566157d7cc932bfdabb3e6465ca87726d2248f0d8d669f4fae860a46b35912405a3717207a49e837aadf51065721b99aa1f25547363c000440e8c703c423f2200144d363f856c674165c1d5885230b1e00529d80846b36aa49253cee66c3034000847e5c40fcadace4b82d9f00664967c177cc888af00090ea05a4e20dfa5d19ffd614430240e8c703c4eab7ba7c3a0b2c670b80000880000880000880000880000880000880000880000880000880000880108000088000088000088010800008800008800008800008800008800008800008800008800008800008800008010880000880000880000801088000088000088000088000088000088000088000088000088000088000088010800008806c44400ae31dfe455a14553920baf6b9f51ae65bb66ca9daaafd3fd50e48356fdb6761fbea7faa758d759fce822a0724329acd853220a75a9c55c5d32df193ebe2ed0645d3d2920072a5dfa450bb291be5d690497e15b27bb2d3dc1f318b0103206cdfef01e4db43763d1c353d76fd2c309a2d3e9d5546b3cfb728b3d468364b2bd1b93601e474abb3aa78a6d515a6e4c9a7bb4d8a66a465f9c1af0e98146aba616e0f9b14dc4ef078306a16030640d8bedf03c86f0ed9f5eda8e9b1eb6781d16cf1e9ac329a7dbe2599a546b3595a89c6da010440000440000440000440000440000440000440183000c2f605100001100001100001100001100001100001100001100001100001100001100061c00008800008800008030640d8be0002200002200002200002200002200002200002200002200002200002200002200c180001100001100001100061fb02088000088000088000088000088000088000088000088000088000088000088030600004400064c301124d75f91769128030600084edbb761b034866408c5a093d20e7da9c55c5b13617cdca93cff7d8b4d013afe57b6dc0a450bb2d1be5ceb04981f640769a6f46edd29ddae800c997aaf2c14af4834af66753402c8f5d9d0546b3c5a7b3ca68f6f974965acde6f99e9570bc4300196b775615cfb7bb684e077faf4d977a6339af0f9a146aba61ee8e9814dc4df07878c82eddb1e560b188a1431b31abe3c31f6b96c7aece02a3d9e2d3596534fb7c3a4bad66f342ef4a38d9092000420420000220000220042000022000022044000220000220440002200002204400022000022044000220000220004200022000022000420420000220004204200002200042042000022000420420000220000220042000022000022044000220000220440002200002204400022000022044000220000220004200022000f23d8502885fc7bc34fc2d02102200798600314b67a9392032f4ad2a5e580740741df31b8376010811803c2b8058cebe6beb01c8850e675571bcc315e67b5de1529f49d1e5be58ce9b4376dd958d726fc4a4407b283bcdb787ec0210a21f0f10cb63576781d16cf1e9acb29c7d7a1bcb68364b2bd16417800008118000088000088010800008800008801001088000088010010880000880100108800008801001088000088000080108800008800008118000088000081180000880000811800008800008118000088000088010800008800008801001088000088010010880000880100108800008801001088000088000080108803c75408a3af88d2a08209100a22fd2a2d0189040938d129486bf45004204206b00314b67953120a1d16c96564200a94e405ebd316cd22bebd0a61c587f6dd3b3f0b3eeba3654f501483501321edf7ab2a830f10c00a21be6fea85d00b2e1f108ffb54dcf022200921110cbd9a2b30a400004400004400004400004400004400004400004400004400004400004400004400004400004400004400004400004400004400004400004400004400004400004400004400004400004400004400004400004400004400004400004400004400004400004400004400004400004400004400004400004400004400004400004400004400004400004400004400004400004400004400004400004400084256d59d2b66a01f9dfdd3f37addaff63fdf302084bda0208800008800008803c7b80d4cae0b7cadfc612400af21758141903e2938d12cac6b1084000044000e44940ace68b9f55c6804446b3595a890004400004400004400004400004400004400004400004400004400004400004400004400004400004400004400004400004400004400004400004400004400004400004400004400004400004400004400004400004400004400004400004404b108f5700000f154944415400044000044000044000044000044000044000044000044000044000044000044000044000044000044000044000044000044000044000044000044000a41a0039dfeeac2a5e6877d15c8f8b167a4d0a2f49d7065c7863d0ae3bb251ee8e981468dfc84ef3f0905dba531b1d20f96720eb81bad9ca3f23dbd93253402c8f5d9d0546b3c5a7b3ca72f6e92c359acdd24a38d929808cc9f037aa787e1d00b93a105f8558052000022000f2ac006239fbae6e3240220124921f3ad24b2f830004400004409e3540ace69f9fa5000220004200022000022000020200022000022000022000022000022000022000022000022000022000022000022000022004200002200002200002200002200002200002200002200002200002200002200002200002200002200002200042000220000220000220000220000220000220000220000220000220000220000220000220000220000220000220042000022000022000022000b2d10039d7e6ac2a8eb5b968b6db45f33d362d4857fa5d746dc024bf26f0eda178c31814680f1244acfa7634deb10dca97021000d90825fbb3d5f1e18f35cb63576781d16cf1e9ac329a7d3e9da556b379be67251cef10404eb73aab8a675a5d34d5e5a2e96e9b66a4e5fe584e83fc9ac0b764a3dc1e3629d0eecb4ef360d4ae4d0608d15305c4f2d8d55960345b7c3aab8c669f6fa9df6e364f77af8463edf68014049082fc05160188519be896186df05b4e00921910a3f9bc12010880000801088000088000080108800008800008010880000880000801088000088000081180000880000880108000088000088010800008800008801080000880000880100108800008800008010880000880000801088000088000080108800008800008010880000880000811800008800008801080000880000880108000088000088010800048350072aac559553cdde20a939dae70b1cba4685a5aea8bd7f23528d46e0ec61bc6a040bb972062d54345e4906d2c914b1b62095ae31e8eda1ebb3a0b8c668b4f6795d1ecf32dca2c359acdd24a74ae4d0039deecac2a9e687685f18e181183a22969417ee8cbfd26858bd275d92837874c0ab4bbb2d3dc1bb1eb1bd9a91f1eb20b4068230162796ce8b16679ecea2c309a2d3e9d5546b3cfb7d0eb22a3d92cad44a75bed01290a2045f90b2c2a5439203ed96942d9792caa7640b825c62da7a77bcb697d00b13a7efd2ca872400a46b3b9082000022004200002200002200420000220000220042000022000022000022000022000022000022000022000022000420002200002200042000220000220004200022000022000022000022000022000022000022000022000022004200002200002200420000220000220042000022000022000022000022000022000022000022000022000420002200002200042000220550248f1589333ebb874a1dd15273a4c2a4c76b868bed74597fa4c0a2f4bd7065c7863d0ae3b092206f925311f248858c51aebb491d630b73c361ec4cbd05a1dbf7e1658ce169d5546b3cf37dfe30a46b35912409a05902f1a9c5947a533adae78aecda4c2589b8ba6bb5d34db635238272dc955c8f2805d7aa6706bd8a4e0d6306bac136b98ff986b981b1dbbbe1b43b6b345ef9818cd3edfc52e57309acdd24a74a2697d00a995bfc0a2a2005210400af2c35b140920910012c9c6b1c81a101fb7c4e869b5196f39ad032056f325124022a3d9e713408a46b3595a290208800008010880000880000801088000088000080108800008800008800008800008800008800008800008800008801080000880000880108000088000088010800008800008800008800008800008800008800008800008800008010880000880000801088000088000080108800008800008800008800008800008800008800008800008801080000880540320bab261201b38b83ae0822bd272bf4d57a56b0326e5b59b832e7f6b285bb7a53bc32e2f075dfe81f4ed28806cb0fc6a84df24dbf79e6cebbbbacd33767b28fbbeb736dd972d8e8debd28d4117c8f30532f403ab93c0cd0848e1b383ceaccf0fbae2a91657ab8818543cdbea0a535d3122064533d2e5be18910c858b7d2e9ced7679798db92f9b5cee934697fbe0a0cbfdda207d9e0f6daad13e6a70351f67ec70a3abf95c7ece93f2f3ce76c9609003f9a15cdd282416fde6103dc5f48440077e6eaecbe54eb7ba9aa34dae46f6e99ac30dd9fad838dd972d8e0d799edca772cc1e6f76f9f176172cf57950fcdd842c5d1ff4279691553aab8c669f6fb2333ec1b769a578acf1d196f0e3bdceacc37b5df1cb46577bacc9a4e2f1265738dfee0ae31d2645131df155c8426fa6746df5fcc9665733f486db79efa1dbf7fb3fb87dfff66f3676ffe68f6ed7c3dfba9a77f6b9dcc54e39431d76c183d1ec59df622bdd66db0c19bd5ff9fb232e37dde96adeddefb7b16eeb8dbf3fffc1edbcffd0d58cee71f9b1567ff51f5e1dc8963e47c6d9f2583aab8c669f6faccd158d66b3b452fcf4a03d20b502c876f90b2caa15408a0248517e788b0a5680c8d547eeb303aea6e535d911ffc635fedddfbba6fff2a70d9dfe8cfbffdd7f72359dbb5dcde9667f4b0b40360820f7465ccd991657d3b5db6fe3cdb23febb15bd3f6bacb1d6b902b0739db170432258044c680148c669f4f00a9359acdd24a2d805408c88c00f2e97e57d3b40901e9d8edb69d6cf2f7b701648300225793db4e35fb6dbbe900691140be6cf0b7a50104400064bd016907900d0b483b8000088000088000088000088000088000088000088000088000088000088000088000088000088000088000088000088000088000088000088000088000088000088000088000088000088000088000088000088000088000088000088000088000088000088000088000088000088000088000088000088000088000c863804c77b9dc1100011000d910801c3de8c2cbbd000220df83c785761749e1c5aeb8c94e170a28690bb4d32d6edba1d75dcdfe5701044000e45906e4c06b6edb3bbb5c70becd05b3dd2e9cabb0851e175e8a572b0de77b360f20c1877b9c591fed71c52f1a3c221615bf6af48bc07b4432a44b39164eb5b8e0d3fd2effe141977f4f7a5b7a4b7ab382860fb87cd701573b3ce80efcfbbfdd7c807cdde8f2b7065d707f247b0f4662442c7bb849327abf743d743d29d86c80e8b15b3b32e8f23d724c1f6a70f9772ae85de93de90339268e4872d2eb4f4e05237fb7234b33dd7e49efa255675be325c76d5a297e72e0d196fcdbbb9c59227974789f2b1cd96f930cfcc2f16657fcba2553fa1ce147fb5c4de72b6ee7ed7beec01ffe2eee8fff395307ffc37f750d7ffbdf3617206dbbdcb66372a05c1f70c1ede1ece9d2b877476cbb67dcfd519bac5f97d1fb95bf31e8b69d68946dbbb900d163578fe1ac73a0344f5ebf73dfd5f4bee682a30d2ebaa0b7cc3bb3a5cf71b225f3fc2bcf41b972309bcd47f6af441feca97e408a32fc6be587cf923e47f8de1b6edbfe5fb83d7ffdfb4d7180ac27203502482080840240e6049050869869f76c5a2f40ac5e9fd5fb150820359b0c90f5383e74b66c6b78d90587f7c7570e8240a60490e2c996ccf3af3c0701240320efee76dbf6bd082000022000b27e801c7cc9051fef031000210001100210000110000110000110000110000110000110000110000110000110000110000110000110000110021000619f071000011000011000011000011000011000011000011000011000011000011000011000e1f8001000210001100001100001100001100001100001100001100001100001100001100001100001100001100021000110021000011000490f48eecd9dceacb776baf0a3bd1e11933ed9e78a5f35b95a452443fa1ca100b76daf00f25b00c90448ab00f255830bae0920b786b2777b2846c4b2bb3605a5cc96a08d9fcfeaf559bd5f7a325073bcd19f1c004846400e082032030be7da6200b23426089d68ce3cffca73f0cb46bbd97c78df4af8fe1b8fb66c1b7ad59935fcaacbbfbbcb05bfda6dd3fbbb5d51b4abfdec40a6f439c291d7dcb6375e0090ac80b408205f1c74c1629f0baf0e644f21ba3e68979c4d8737874c0ad629abd7e77f5683f72c58ee7735470ffa930300c90088cc16bdcb11bcb7db1564f0ebd543a6f43932cebec7e6a09c909bcde65fed5ec9bff53a80507a407202482880440240e6049048869845d680547d092099df37012407203680ec7dd1df2eb7b8f5eeaf1c0004400004400004400004400004400084000440d8e9010440000440000440000440000440000440000440000440000440000440000440000440384000044008400084030440000440000440000440000440000440000440000440000440000440000440000440008400044008400004400004400004400004400004400004400004400004400004400004400004400004400004400840008400e4fb011978c59935f88acbbdbdd32362d27bbb5ce1e3bdfe07cf923e473024af6ff7cf01242b20cd3b5d4e76c670a1d7454bfdd9bbd26f03d17a2d915bcd5d8b7fe6ccef9b9c0ce849819e1c00484640f6bce882b7646e7dd9e88ac79ab2a5cf9171f63d3907cd66f3bbbb5672875e13403a5e726675bee411d12b1193466cae68f4396aba5f725b5f7f1e403201f21f5d4de3eb2ef7e15e174e74ba68ba3b7bf33d2e528c2cbbd46752b84e59bd3eabf72b9ce976391930354d3bfd36e6f8c800889ca4e6875e75d16119d847f6674a9fc3f08ac1cf41b3d93cfceacad6be5f3eda522383df2a00d91c80e405904800290800595a2f400a325c2d8ad629b3d7072000022000022000022000022000022000022000022000420002200420000220000220000220000220000220000220000220000220000220000220000220000220000220042000c23e0f2000022000022000022000022000022000022000022000022000022000022000022000c2f10120004200022000022000022000022000022000022000022000022000f23401e9011013409a04908f0064e301b2dfaf36092006800c03c8c603a4f765b7759700f2edef38403200926bd9e9f2b263479300b2a100f9f480ab6903904c80fce6776edb9e175c30f2dae601646bf38b8fcc6a957a5e7ea44f6c52ff2f1fe9babbba787b96726fbef6a8a6f7a57fdcbaefe7ffbcfbfe6fff8f6cec1576fad407c8cabedffff1ffe6ba77fe4bfe93fdff149e6e7d148db5672ad4c63b1e85939da645935d2685eb94ddebb379bf820bed8f729f1ff8a79ade5dffa2db98e3a3b2e343674b4dc38bff2c5720ff18beffc6a3e8833d99d2e7c83afb1e9b83324bcd66b3f493ae97fed7ff0394bb33a19e9b92610000000049454e44ae426082, 'LTE', 'Dell Inspiron Intel Core i7-1355U Iris Xe Graphics Inspiron 15 3530 ', 'Plucky Puffin', 'LGBTQIA', 'Xiaomi Redmi Note 9', '2025-09-27 17:31:33', '2025-11-22 15:14:47'),
(9, 'Sf', 'Oliver SellerX', 2, 11, 'Black', 'Unity', 6.35, '{\"VPN\": \"ExpressVPN\", \"eSIM\": \"LABAS\", \"kūfa\": \"KAKA\", \"Adidas\": \"Sport\", \"vmi.lt\": \"DDD\", \"Commuter\": \"Google Go\", \"tabletas\": \"Fossibot\", \"Advokatas\": \"Sorainen\", \"WP JetPack\": \"Developer\", \"System_Mode\": \"X11/Stable\", \"Visual_Core\": \"Legacy Corporate\", \"Muzika darbe\": \"SoundCloud\", \"Active_Mandate\": \"LIZ-OFFICE-MGMT-2025\", \"Cloud Provider\": \"serveriai.lt\", \"Cloud Workspace\": \"Google Starter\", \"Prekybcentrio kortelė\": \"Ačiū\", \"Darbinio hypermarketo kortelė\": \"Norfa\", \"Mobile-first security switching swatch\": \"Google One\"}', 'web', 'C13ZgH72w6vbuXNxxXLmd3RhLGGDEz', 'Play Pass', 'MS Power BI', 'Notepad++', 'Fossibot F112 PRO 5G', 'AMD', 'MERN', 'LAMP', 'LEMP', 'HAL', 'AON Baltics', 'gemini', 'emmet.js', 'express.js', 'Slack', 'mermaidchat.com', 'Discord', 'Viber', 'full-stack', 'MVVM', 'e-star', 'C2C', 'FinTech', 'B2C', 'NFQ', 'KTC', 'Samsung', 'angular.js', 'ELK', 'CUJO', 'postgrad', 'PERT', 'ABC', 'AB', 'SAPI', 'slim-framework', 'DSO', 'ĮV', 'ASCII', 'ISM', 'HTTP', 'CITIZEN', 'uGreen', 'XOR', 'USB-SS', 'git-flow', 'EPU', 'TCL', 'Ovocus', 'BFT', 'ADR', 'node', 'MS VS Studio Code', 'Strava', 'JIRA', 'full-stack web developer', 'go', 'Trečiojo Reich Triumfas', '::void', 'STS', 'Ubuntu Studio', '::array[]', 'CCCP', 'IPO', 'Like a pro!', 'ASYNC', 'Pentium', 'https://php-di.org/', 'Europe/Vilnius', 'https://github.com/mnapoli/silly.git', 'CLI', 'Magento', 'Hesburger', 'Express Pizza', 'GRID', 'KFC', 'ISO', 'Toshiba', NULL, 'Resolute Raccoon', 'Huness I25 Ultra Unlocked Cell Phone,Built in Pen,16+1TB Unlocked Phone, Android 14 Battery 7000mAh 6.99\" HD Screen Smartphone, 5G/Face ID/Fingerprint Lock/Dual SIM/GPS (Deep Purple)\n', 'Questing Quokka', 'LGBTQIA', 'SELINUX', '2025-09-27 17:15:40', '2025-11-22 15:13:03'),
(10, 'ZF', 'Henrik AcquireY', 6, 11, 'Blue', 'Edubuntu', 6.35, '{\"VPN\": \"ExpressVPN\", \"eSIM\": \"LABAS\", \"kūfa\": \"KAKA\", \"Adidas\": \"Sport\", \"vmi.lt\": \"DDD\", \"Commuter\": \"Google Go\", \"tabletas\": \"Fossibot\", \"Advokatas\": \"Sorainen\", \"WP JetPack\": \"Developer\", \"System_Mode\": \"X11/Stable\", \"Visual_Core\": \"Legacy Corporate\", \"Muzika darbe\": \"SoundCloud\", \"Active_Mandate\": \"LIZ-OFFICE-MGMT-2025\", \"Cloud Provider\": \"serveriai.lt\", \"Cloud Workspace\": \"Google Starter\", \"Prekybcentrio kortelė\": \"Ačiū\", \"Darbinio hypermarketo kortelė\": \"Norfa\", \"Mobile-first security switching swatch\": \"Google One\"}', 'web', 'C13ZgH72w6vbuXNxxXLmd3RhLGGDEz', 'Play Pass', 'WebStorm', 'Zed', 'Fossibot F112 PRO 5G', 'AMD', 'MERN', 'LAMP', 'LEMP', 'HAL', 'AON Baltics', 'gemini', 'emmet.js', 'express.js', 'Slack', 'mermaidchat.com', 'Discord', 'Viber', 'full-stack', 'MVVM', 'e-star', 'C2C', 'FinTech', 'B2C', 'NFQ', 'KTC', 'Samsung', 'angular.js', 'ELK', 'CUJO', 'postgrad', 'PERT', 'ABC', 'AB', 'SAPI', 'slim-framework', 'DSO', 'ĮV', 'ASCII', 'ISM', 'HTTP', 'CITIZEN', 'uGreen', 'XOR', 'USB-SS', 'git-flow', 'EPU', 'SSL/TLS', 'Ovocus', 'BFT', 'ADR', 'node', 'MS VS Studio Code', 'Strava', 'JIRA', 'full-stack web developer', 'go', 'Trečiojo Reich Triumfas', '::void', 'STS', 'Ubuntu Studio', '::array[]', 'CCCP', 'IPO', 'Like a pro!', 'ASYNC', 'Pentium', 'https://php-di.org/', 'Europe/Vilnius', 'https://github.com/mnapoli/silly.git', 'CLI', 'Magento', 'Hesburger', 'Express Pizza', 'SHIELD', 'KFC', 'ISO', 'Toshiba', NULL, 'Noble Numbat', '16PROMA X Unlocked Phone, 6.99inch Cell Phone with Android 13 12GB+512GB 7000mAh Long Battery Life, HD Screen Smartphone with Dual SIM, Fingerprint Lock, Face ID, Photos 5G Phone (Green)\n', 'Questing Quokka', 'LGBTQIA', 'Hisense C12', '2025-09-27 17:15:40', '2025-11-22 15:13:17'),
(11, 'JR', 'Juozas Rupšys', 7, NULL, 'Green', 'Xubuntu', 6.35, '{\"VPN\": \"ExpressVPN\", \"eSIM\": \"LABAS\", \"kūfa\": \"KAKA\", \"Adidas\": \"Sport\", \"vmi.lt\": \"DDD\", \"Commuter\": \"Google Go\", \"tabletas\": \"Fossibot\", \"Advokatas\": \"Sorainen\", \"WP JetPack\": \"Developer\", \"System_Mode\": \"X11/Stable\", \"Visual_Core\": \"Legacy Corporate\", \"Muzika darbe\": \"SoundCloud\", \"Active_Mandate\": \"LIZ-OFFICE-MGMT-2025\", \"Cloud Provider\": \"serveriai.lt\", \"Cloud Workspace\": \"Google Starter\", \"Prekybcentrio kortelė\": \"Ačiū\", \"Darbinio hypermarketo kortelė\": \"Norfa\", \"Mobile-first security switching swatch\": \"Google One\"}', 'web', 'C13ZgH72w6vbuXNxxXLmd3RhLGGDEz', 'Play Pass', 'MS Power BI', 'Notepad++', 'Fossibot F112 PRO 5G', '$_GOT', 'MERN', 'LAMP', 'LEMP', 'HAL', 'AON Baltics', 'gemini', 'emmet.js', 'express.js', 'Slack', 'mermaidchat.com', 'Discord', 'Viber', 'full-stack', 'MVVM', 'e-star', 'C2C', 'FinTech', 'B2C', 'NFQ', 'KTC', 'Dell', 'angular.js', 'ELK', 'CUJO', 'postgrad', 'PERT', 'ABC', 'AB', 'SAPI', 'slim-framework', 'DSO', 'ĮV', 'ASCII', NULL, 'HTTP', 'Casio', 'uGreen', 'XOR', 'USB-SS', 'git-flow', 'EPU', 'Unity', 'Ovocus', 'BFT', 'ADR', 'node', 'MS VS Studio Code', 'Strava', 'JIRA', 'full-stack web developer', 'go', 'Trečiojo Reich Triumfas', '::void', 'LTS', 'Ubuntu Studio', '::array[]', 'CCCP', 'IPO', 'Like a pro!', 'ASYNC', 'Pentium', 'https://php-di.org/', 'Europe/Vilnius', 'https://github.com/mnapoli/silly.git', 'CLI', 'Magento', 'Hesburger', 'Express Pizza', 'SHIELD', 'KFC', 'ISO', 'Toshiba', NULL, 'gtk::__helper():\\SEGMENTINIS_FAULT', 'AON', 'Questing Quokka', 'LGBTQIA', 'MATRIX', '2025-11-22 11:59:51', '2025-11-22 15:15:58'),
(12, 'NR', 'Nerijus Rupšys', 4, 11, 'Pink', 'COSMIC', 6.35, '{\"VPN\": \"ExpressVPN\", \"eSIM\": \"LABAS\", \"kūfa\": \"KAKA\", \"Adidas\": \"Sport\", \"vmi.lt\": \"DDD\", \"Commuter\": \"Google Go\", \"tabletas\": \"Fossibot\", \"Advokatas\": \"Sorainen\", \"WP JetPack\": \"Developer\", \"System_Mode\": \"Wayland/Hybrid\", \"Visual_Core\": \"K-Pop/Anime (Rei)\", \"Muzika darbe\": \"SoundCloud\", \"Active_Mandate\": \"IVE-MEDIA-PROC-2025\", \"Cloud Provider\": \"serveriai.lt\", \"Cloud Workspace\": \"Google Starter\", \"Prekybcentrio kortelė\": \"Ačiū\", \"Darbinio hypermarketo kortelė\": \"Norfa\", \"Mobile-first security switching swatch\": \"Google One\"}', 'web', 'C13ZgH72w6vbuXNxxXLmd3RhLGGDEz', 'Play Pass', 'WebStorm', 'Notepad++', 'Fossibot F112 PRO 5G', 'AMD', 'MERN', 'LAMP', 'LEMP', 'HAL', 'AON Baltics', 'gemini', 'emmet.js', 'express.js', 'Slack', 'mermaidchat.com', 'Discord', 'Viber', 'full-stack', 'MVVM', 'e-star', 'C2C', 'FinTech', 'B2C', 'NFQ', 'KTC', 'Dell', 'angular.js', 'ELK', 'BitCoin', 'postgrad', 'PERT', 'ABC', 'AB', 'SAPI', 'slim-framework', 'DSO', 'ĮV', 'ASCII', NULL, 'HTTP', 'CITIZEN', 'uGreen', 'XOR', 'USB-SS', 'git-flow', 'AMD', 'KML', 'Ovocus', 'BFT', 'ADR', 'node', 'MS VS Studio Code', 'Strava', 'JIRA', 'full-stack web developer', 'go', 'Trečiojo Reich Triumfas', '::void', 'STS', 'Ubuntu Studio', '::array[]', 'CCCP', 'IPO', 'Like a pro!', 'ASYNC', 'Pentium', 'https://php-di.org/', 'Europe/Vilnius', 'https://github.com/mnapoli/silly.git', 'CLI', 'Magento', 'Hesburger', 'Express Pizza', 'SHIELD', 'KFC', 'ISO', 'Toshiba', NULL, 'gtk::__helper():\\SEGMENTINIS_FAULT', 'World Premier CHUWI GTBook i5-12450H RTX 3050 Gaming Laptop 15.6inch FHD Screen 16GB RAM 512GB SSD Metal Body Dedicated Notebook\n', 'Questing Quokka', 'LGBTQIA', 'MATRIX', '2025-11-22 12:02:53', '2025-11-22 15:15:47');

-- --------------------------------------------------------

--
-- Table structure for table `e_star`
--

CREATE TABLE `e_star` (
  `id` int UNSIGNED NOT NULL,
  `$_GOT` varchar(1024) CHARACTER SET utf8mb4 COLLATE utf8mb4_unicode_ci DEFAULT 'AON',
  `user_id` int NOT NULL,
  `paskolos_id` int DEFAULT NULL COMMENT 'e-star'
) ENGINE=InnoDB DEFAULT CHARSET=utf8mb4 COLLATE=utf8mb4_0900_ai_ci;

--
-- Dumping data for table `e_star`
--

INSERT INTO `e_star` (`id`, `$_GOT`, `user_id`, `paskolos_id`) VALUES
(1, 'SanDisk', 9, 6),
(2, 'MBA', 10, 5);

-- --------------------------------------------------------

--
-- Table structure for table `Google Chromebook`
--

CREATE TABLE `Google Chromebook` (
  `id` int NOT NULL,
  `employee` int NOT NULL,
  `Chromebook` varchar(512) CHARACTER SET utf8mb4 COLLATE utf8mb4_0900_ai_ci DEFAULT NULL,
  `K2` varchar(1024) DEFAULT NULL
) ENGINE=InnoDB DEFAULT CHARSET=utf8mb4 COLLATE=utf8mb4_0900_ai_ci;

--
-- Dumping data for table `Google Chromebook`
--

INSERT INTO `Google Chromebook` (`id`, `employee`, `Chromebook`, `K2`) VALUES
(1, 6, 'acer Chromebook Plus Spin 514 2-in-1 Laptop, 14\" WUXGA IPS Touchscreen, 13th Gen Intel 10-Core i5-1334U, 8GB LPDDR5X RAM, 512GB Pcle 4.0 SSD, Backlit KB, WiFi 6E, Chrome OS, W/ 128GB PSD & Stylus\n', 'FinTech'),
(6, 9, 'Lenovo IdeaPad Slim 3i Chromebook Plus - 2024 - Lightweight Laptop - Waves MaxxAudio® - 14\" FHD Display - HD 1080p Camera - 8GB Memory - 256GB Storage - Intel® Core™ i3-N305 - Storm Grey\n', 'miro.com'),
(8, 10, 'Lenovo IdeaPad 3i Chromebook, 15.6” FHD Display, Intel Celeron N4500, 8GB RAM, 64GB eMMC, 1920x1080 px, 720p Camera, Chrome OS, Abyss Blue\r\n', 'MERN'),
(11, 11, 'Lenovo IdeaPad 3i Chromebook, 15.6” FHD Display, Intel Celeron N4500, 8GB RAM, 64GB eMMC, 1920x1080 px, 720p Camera, Chrome OS, Abyss Blue\r\n', 'EFI'),
(12, 12, 'Lenovo IdeaPad Slim 3i Chromebook Plus - 2024 - Lightweight Laptop - Waves MaxxAudio® - 14\" FHD Display - HD 1080p Camera - 8GB Memory - 256GB Storage - Intel® Core™ i3-N305 - Storm Grey\r\n', 'UFO');

-- --------------------------------------------------------

--
-- Table structure for table `pajamų_klasė`
--

CREATE TABLE `pajamų_klasė` (
  `id` int UNSIGNED NOT NULL,
  `paketo_id` int DEFAULT NULL,
  `user_id` int NOT NULL
) ENGINE=InnoDB DEFAULT CHARSET=utf8mb4 COLLATE=utf8mb4_0900_ai_ci;

--
-- Dumping data for table `pajamų_klasė`
--

INSERT INTO `pajamų_klasė` (`id`, `paketo_id`, `user_id`) VALUES
(2, 3, 6),
(3, 2, 9),
(5, 1, 10),
(6, 3, 11),
(7, 3, 12);

-- --------------------------------------------------------

--
-- Table structure for table `paketu_valdymas`
--

CREATE TABLE `paketu_valdymas` (
  `paketo_id` int NOT NULL,
  `formatas` varchar(10) NOT NULL,
  `ekosistema` varchar(50) DEFAULT NULL
) ;

--
-- Dumping data for table `paketu_valdymas`
--

INSERT INTO `paketu_valdymas` (`paketo_id`, `formatas`, `ekosistema`) VALUES
(1, 'DEB', 'Ubuntu/Debian LTS (Plačiausia Ekosistema)'),
(2, 'RPM', 'RHEL/CentOS (Įmonių Standartas/SELINUX)'),
(3, 'EOPKG', 'Solus (Greitis/Sistemos Remontas)');

-- --------------------------------------------------------

--
-- Table structure for table `paskolos`
--

CREATE TABLE `paskolos` (
  `id` int NOT NULL,
  `firma` varchar(256) NOT NULL DEFAULT 'paskoliukas.lt',
  `suma` decimal(9,2) NOT NULL DEFAULT '10.00',
  `grąžintina` varchar(8) NOT NULL DEFAULT '1M',
  `user_id` int NOT NULL
) ENGINE=InnoDB DEFAULT CHARSET=utf8mb4 COLLATE=utf8mb4_0900_ai_ci;

--
-- Dumping data for table `paskolos`
--

INSERT INTO `paskolos` (`id`, `firma`, `suma`, `grąžintina`, `user_id`) VALUES
(3, 'smspinigai.lt', 2000.00, '1Y', 6),
(4, 'vivus.lt', 16000.00, '5Y', 6),
(5, 'Urbo bankas', 256000.00, '5Y', 9),
(6, 'SEB', 1000000.00, '9M', 10),
(7, 'paskoliukas.lt', 6000.00, '3M', 11),
(8, 'bobutespaskola.lt', 3000.00, '6M', 12);

-- --------------------------------------------------------

--
-- Table structure for table `roles`
--

CREATE TABLE `roles` (
  `id` int NOT NULL,
  `role_name` varchar(50) CHARACTER SET utf8mb4 COLLATE utf8mb4_unicode_ci NOT NULL,
  `description` text CHARACTER SET utf8mb4 COLLATE utf8mb4_unicode_ci
) ENGINE=InnoDB DEFAULT CHARSET=utf8mb4 COLLATE=utf8mb4_unicode_ci;

--
-- Dumping data for table `roles`
--

INSERT INTO `roles` (`id`, `role_name`, `description`) VALUES
(1, 'CEO', 'Chief Executive Officer'),
(2, 'CTO', 'Chief Technology Officer'),
(3, 'CIO', 'Chief Information Officer'),
(4, 'COO', 'Chief Operating Officer'),
(5, 'CFO', 'Chief Financial Officer'),
(6, 'CSO', 'Chief Sustainability Officer'),
(7, 'CCO', 'Chief Compliance Officer'),
(8, 'CDO', 'Chief data officer (CDO)\r\n');

-- --------------------------------------------------------

--
-- Table structure for table `saugumo_standartai`
--

CREATE TABLE `saugumo_standartai` (
  `saugumo_id` int NOT NULL,
  `strategijos_id` varchar(25) NOT NULL,
  `mac_saugumas` varchar(50) NOT NULL,
  `duomenu_vientisumas` varchar(50) NOT NULL
) ENGINE=InnoDB DEFAULT CHARSET=utf8mb4 COLLATE=utf8mb4_0900_ai_ci;

--
-- Dumping data for table `saugumo_standartai`
--

INSERT INTO `saugumo_standartai` (`saugumo_id`, `strategijos_id`, `mac_saugumas`, `duomenu_vientisumas`) VALUES
(1, 'GYNYBA_LTS', 'SELINUX (RHEL/CentOS)', 'Doctrine ORM / UUID'),
(2, 'OFENSYVA_STS', 'AppArmor / Hibridinis', 'MVVM (SvelteKit) / Duomenų Binding');

-- --------------------------------------------------------

--
-- Table structure for table `stilius`
--

CREATE TABLE `stilius` (
  `id` int NOT NULL,
  `tipas` varchar(16) NOT NULL DEFAULT '::void',
  `description` text,
  `taisyklės` varchar(256) DEFAULT '\\Unity[]',
  `atsakingasis_asmuo` int NOT NULL,
  `CERN` int DEFAULT NULL
) ENGINE=InnoDB DEFAULT CHARSET=utf8mb4 COLLATE=utf8mb4_0900_ai_ci;

--
-- Dumping data for table `stilius`
--

INSERT INTO `stilius` (`id`, `tipas`, `description`, `taisyklės`, `atsakingasis_asmuo`, `CERN`) VALUES
(4, 'C++', 'embedded derivatives kalbinis žaidimas', '$(this)._.[\\E]', 6, 2),
(5, 'INI::void', 'Baddies EA FL style OOP introspection framework records.', 'ENUM(\\Unity[])::\\DISARRAY', 10, 2),
(8, 'Sf::void', 'SA Kylin only libiconv - ICU (ICU->i.conv) SELINUX->se-linux. €SEL.LINUX DISARRAY $(this).bower _mode.', 'AD::\\Unity[]', 9, 2),
(10, 'Xerox::void', 'LOL', '\\BSD[Žiguliai]', 11, 2),
(11, '\\[e-star]::void', 'lol', 'MATRIX::\\Unity[Lada]', 12, 1);

-- --------------------------------------------------------

--
-- Table structure for table `strategijos_mandatas`
--

CREATE TABLE `strategijos_mandatas` (
  `mandato_id` varchar(36) NOT NULL,
  `strategijos_id` varchar(25) NOT NULL,
  `saugumo_tipas_fk` int NOT NULL,
  `architekturos_tipas_fk` int NOT NULL,
  `verslo_rezultatas` varchar(50) NOT NULL,
  `kritinis_ispejimas` text
) ENGINE=InnoDB DEFAULT CHARSET=utf8mb4 COLLATE=utf8mb4_0900_ai_ci;

--
-- Dumping data for table `strategijos_mandatas`
--

INSERT INTO `strategijos_mandatas` (`mandato_id`, `strategijos_id`, `saugumo_tipas_fk`, `architekturos_tipas_fk`, `verslo_rezultatas`, `kritinis_ispejimas`) VALUES
('IVE-MEDIA-PROC-2025', 'OFENSYVA_STS', 2, 2, 'Maksimalus našumas / Greitas TTM', 'Rizika: Priimtas 9 mėnesių atnaujinimo ciklas. Būtinas IVE vizualinis kodas.'),
('LIZ-OFFICE-MGMT-2025', 'GYNYBA_LTS', 1, 1, 'Minimalūs TCO / Stabilumas kritiniams procesams', 'Mandatas: ExpressVPN (LTS) būtinas. Saugumo sistemos (SELINUX) privalomos.');

-- --------------------------------------------------------

--
-- Table structure for table `strategijos_tipai`
--

CREATE TABLE `strategijos_tipai` (
  `strategijos_id` varchar(25) NOT NULL,
  `aprasymas` text NOT NULL,
  `palaikymo_filosofija` varchar(50) NOT NULL
) ;

--
-- Dumping data for table `strategijos_tipai`
--

INSERT INTO `strategijos_tipai` (`strategijos_id`, `aprasymas`, `palaikymo_filosofija`) VALUES
('GYNYBA_LTS', 'Stabilumas, ilgalaikis palaikymas ir žemi TCO. (ExpressVPN)', '3-5 metų fiksuotas ciklas'),
('OFENSYVA_STS', 'Maksimalus našumas, greitas TTM ir inovacijos. (Supreme/IVE)', '9 mėnesių rizikos ciklas');

-- --------------------------------------------------------

--
-- Stand-in structure for view `suma`
-- (See below for the actual view)
--
CREATE TABLE `suma` (
`SUM(suma)` decimal(31,2)
);

-- --------------------------------------------------------

--
-- Stand-in structure for view `view_darbuotoju_suvestine`
-- (See below for the actual view)
--
CREATE TABLE `view_darbuotoju_suvestine` (
`ID` int
,`Darbuotojas` varchar(255)
,`Pareigos` varchar(50)
,`Tiesioginis_Vadovas` varchar(255)
,`Grafikas` varchar(11)
,`Ikainis` varchar(16)
,`Operacine_Sistema` text
,`Programavimo_Aplinka` enum('PHPStorm','WebStorm','MS Visual Studio','VS Code','MS Power BI')
,`Redaktorius` varchar(12)
,`Karkasas` enum('Laminas','CakePHP','CodeIgniter','Slimframework','Laravel','express.js','Symfony')
,`Cloud_Tiekejas` longtext
,`VPN` longtext
,`Paskolu_Portfelis` decimal(31,2)
);

--
-- Indexes for dumped tables
--

--
-- Indexes for table `architekturos_standartai`
--
ALTER TABLE `architekturos_standartai`
  ADD PRIMARY KEY (`arch_id`),
  ADD KEY `strategijos_id` (`strategijos_id`);

--
-- Indexes for table `business_model`
--
ALTER TABLE `business_model`
  ADD PRIMARY KEY (`id`),
  ADD KEY `user_id` (`user_id`);

--
-- Indexes for table `darbo_grafikas`
--
ALTER TABLE `darbo_grafikas`
  ADD PRIMARY KEY (`id`),
  ADD KEY `user_id` (`user_id`);

--
-- Indexes for table `employees`
--
ALTER TABLE `employees`
  ADD PRIMARY KEY (`id`),
  ADD UNIQUE KEY `initials` (`initials`),
  ADD KEY `role_id` (`role_id`),
  ADD KEY `manager_id` (`manager_id`),
  ADD KEY `IDE` (`IDE`),
  ADD KEY `Išmanusis` (`Išmanusis`(16)),
  ADD KEY `laptopas` (`laptopas`(24)) USING BTREE;

--
-- Indexes for table `e_star`
--
ALTER TABLE `e_star`
  ADD PRIMARY KEY (`id`),
  ADD KEY `user_id` (`user_id`),
  ADD KEY `paskolos_id` (`paskolos_id`);

--
-- Indexes for table `Google Chromebook`
--
ALTER TABLE `Google Chromebook`
  ADD PRIMARY KEY (`id`),
  ADD UNIQUE KEY `employee` (`employee`);

--
-- Indexes for table `pajamų_klasė`
--
ALTER TABLE `pajamų_klasė`
  ADD PRIMARY KEY (`id`),
  ADD KEY `user_id` (`user_id`),
  ADD KEY `paketo_id` (`paketo_id`);

--
-- Indexes for table `paketu_valdymas`
--
ALTER TABLE `paketu_valdymas`
  ADD PRIMARY KEY (`paketo_id`);

--
-- Indexes for table `paskolos`
--
ALTER TABLE `paskolos`
  ADD PRIMARY KEY (`id`),
  ADD UNIQUE KEY `user_id` (`user_id`,`firma`);

--
-- Indexes for table `roles`
--
ALTER TABLE `roles`
  ADD PRIMARY KEY (`id`),
  ADD UNIQUE KEY `role_name` (`role_name`);

--
-- Indexes for table `saugumo_standartai`
--
ALTER TABLE `saugumo_standartai`
  ADD PRIMARY KEY (`saugumo_id`),
  ADD KEY `strategijos_id` (`strategijos_id`);

--
-- Indexes for table `stilius`
--
ALTER TABLE `stilius`
  ADD PRIMARY KEY (`id`),
  ADD KEY `atsakingasis_asmuo` (`atsakingasis_asmuo`),
  ADD KEY `CERN` (`CERN`);

--
-- Indexes for table `strategijos_mandatas`
--
ALTER TABLE `strategijos_mandatas`
  ADD PRIMARY KEY (`mandato_id`),
  ADD KEY `strategijos_id` (`strategijos_id`),
  ADD KEY `saugumo_tipas_fk` (`saugumo_tipas_fk`),
  ADD KEY `architekturos_tipas_fk` (`architekturos_tipas_fk`);

--
-- Indexes for table `strategijos_tipai`
--
ALTER TABLE `strategijos_tipai`
  ADD PRIMARY KEY (`strategijos_id`);

--
-- AUTO_INCREMENT for dumped tables
--

--
-- AUTO_INCREMENT for table `business_model`
--
ALTER TABLE `business_model`
  MODIFY `id` int NOT NULL AUTO_INCREMENT, AUTO_INCREMENT=9;

--
-- AUTO_INCREMENT for table `darbo_grafikas`
--
ALTER TABLE `darbo_grafikas`
  MODIFY `id` int NOT NULL AUTO_INCREMENT, AUTO_INCREMENT=10;

--
-- AUTO_INCREMENT for table `employees`
--
ALTER TABLE `employees`
  MODIFY `id` int NOT NULL AUTO_INCREMENT, AUTO_INCREMENT=13;

--
-- AUTO_INCREMENT for table `e_star`
--
ALTER TABLE `e_star`
  MODIFY `id` int UNSIGNED NOT NULL AUTO_INCREMENT, AUTO_INCREMENT=3;

--
-- AUTO_INCREMENT for table `Google Chromebook`
--
ALTER TABLE `Google Chromebook`
  MODIFY `id` int NOT NULL AUTO_INCREMENT, AUTO_INCREMENT=13;

--
-- AUTO_INCREMENT for table `pajamų_klasė`
--
ALTER TABLE `pajamų_klasė`
  MODIFY `id` int UNSIGNED NOT NULL AUTO_INCREMENT, AUTO_INCREMENT=8;

--
-- AUTO_INCREMENT for table `paskolos`
--
ALTER TABLE `paskolos`
  MODIFY `id` int NOT NULL AUTO_INCREMENT, AUTO_INCREMENT=9;

--
-- AUTO_INCREMENT for table `roles`
--
ALTER TABLE `roles`
  MODIFY `id` int NOT NULL AUTO_INCREMENT, AUTO_INCREMENT=9;

--
-- AUTO_INCREMENT for table `stilius`
--
ALTER TABLE `stilius`
  MODIFY `id` int NOT NULL AUTO_INCREMENT, AUTO_INCREMENT=12;

-- --------------------------------------------------------

--
-- Structure for view `control_freak`
--
DROP TABLE IF EXISTS `control_freak`;

CREATE ALGORITHM=UNDEFINED DEFINER=`povilas`@`localhost` SQL SECURITY DEFINER VIEW `control_freak`  AS SELECT `employees`.`full_name` AS `Agentas`, `roles`.`role_name` AS `Rolė`, json_unquote(json_extract(`employees`.`attributes`,'$.Active_Mandate')) AS `Mandatas`, json_unquote(json_extract(`employees`.`attributes`,'$.Visual_Core')) AS `Vizualinis Branduolys`, json_unquote(json_extract(`employees`.`attributes`,'$.System_Mode')) AS `Režimas` FROM (`employees` left join `roles` on((`employees`.`role_id` = `roles`.`id`))) ORDER BY json_extract(`employees`.`attributes`,'$.Active_Mandate') DESC ;

-- --------------------------------------------------------

--
-- Structure for view `suma`
--
DROP TABLE IF EXISTS `suma`;

CREATE ALGORITHM=UNDEFINED DEFINER=`povilas`@`localhost` SQL SECURITY DEFINER VIEW `suma`  AS SELECT sum(`paskolos`.`suma`) AS `SUM(suma)` FROM `paskolos` ;

-- --------------------------------------------------------

--
-- Structure for view `view_darbuotoju_suvestine`
--
DROP TABLE IF EXISTS `view_darbuotoju_suvestine`;

CREATE ALGORITHM=UNDEFINED DEFINER=`povilas`@`localhost` SQL SECURITY DEFINER VIEW `view_darbuotoju_suvestine`  AS SELECT `e`.`id` AS `ID`, `e`.`full_name` AS `Darbuotojas`, `r`.`role_name` AS `Pareigos`, coalesce(`m`.`full_name`,'---') AS `Tiesioginis_Vadovas`, coalesce(`dg`.`pobūdis`,'Nenustatyta') AS `Grafikas`, concat(`e`.`hourly_wage`,' €/h') AS `Ikainis`, concat(`e`.`os_flavour`,' (',`e`.`distro`,')') AS `Operacine_Sistema`, `e`.`IDE` AS `Programavimo_Aplinka`, `e`.`Binary Text Editor` AS `Redaktorius`, `e`.`Framework MVC` AS `Karkasas`, json_unquote(json_extract(`e`.`attributes`,'$."Cloud Provider"')) AS `Cloud_Tiekejas`, json_unquote(json_extract(`e`.`attributes`,'$."VPN"')) AS `VPN`, coalesce(`p`.`bendra_skola`,0) AS `Paskolu_Portfelis` FROM ((((`employees` `e` left join `roles` `r` on((`e`.`role_id` = `r`.`id`))) left join `employees` `m` on((`e`.`manager_id` = `m`.`id`))) left join `darbo_grafikas` `dg` on((`e`.`id` = `dg`.`user_id`))) left join (select `paskolos`.`user_id` AS `user_id`,sum(`paskolos`.`suma`) AS `bendra_skola` from `paskolos` group by `paskolos`.`user_id`) `p` on((`e`.`id` = `p`.`user_id`))) ;

--
-- Constraints for dumped tables
--

--
-- Constraints for table `architekturos_standartai`
--
ALTER TABLE `architekturos_standartai`
  ADD CONSTRAINT `architekturos_standartai_ibfk_1` FOREIGN KEY (`strategijos_id`) REFERENCES `strategijos_tipai` (`strategijos_id`);

--
-- Constraints for table `business_model`
--
ALTER TABLE `business_model`
  ADD CONSTRAINT `business_model_ibfk_1` FOREIGN KEY (`user_id`) REFERENCES `employees` (`id`) ON DELETE CASCADE ON UPDATE RESTRICT;

--
-- Constraints for table `darbo_grafikas`
--
ALTER TABLE `darbo_grafikas`
  ADD CONSTRAINT `darbo_grafikas_ibfk_1` FOREIGN KEY (`user_id`) REFERENCES `employees` (`id`) ON DELETE CASCADE ON UPDATE RESTRICT;

--
-- Constraints for table `employees`
--
ALTER TABLE `employees`
  ADD CONSTRAINT `employees_ibfk_1` FOREIGN KEY (`role_id`) REFERENCES `roles` (`id`),
  ADD CONSTRAINT `employees_ibfk_2` FOREIGN KEY (`manager_id`) REFERENCES `employees` (`id`) ON DELETE RESTRICT ON UPDATE RESTRICT;

--
-- Constraints for table `e_star`
--
ALTER TABLE `e_star`
  ADD CONSTRAINT `e_star_ibfk_1` FOREIGN KEY (`user_id`) REFERENCES `employees` (`id`) ON DELETE CASCADE ON UPDATE RESTRICT,
  ADD CONSTRAINT `e_star_ibfk_2` FOREIGN KEY (`paskolos_id`) REFERENCES `paskolos` (`id`) ON DELETE CASCADE ON UPDATE RESTRICT;

--
-- Constraints for table `Google Chromebook`
--
ALTER TABLE `Google Chromebook`
  ADD CONSTRAINT `Google Chromebook_ibfk_1` FOREIGN KEY (`employee`) REFERENCES `employees` (`id`) ON DELETE CASCADE ON UPDATE RESTRICT;

--
-- Constraints for table `pajamų_klasė`
--
ALTER TABLE `pajamų_klasė`
  ADD CONSTRAINT `pajamų_klasė_ibfk_1` FOREIGN KEY (`user_id`) REFERENCES `employees` (`id`) ON DELETE CASCADE ON UPDATE RESTRICT,
  ADD CONSTRAINT `pajamų_klasė_ibfk_2` FOREIGN KEY (`paketo_id`) REFERENCES `paketu_valdymas` (`paketo_id`) ON DELETE CASCADE ON UPDATE RESTRICT;

--
-- Constraints for table `paskolos`
--
ALTER TABLE `paskolos`
  ADD CONSTRAINT `paskolos_ibfk_1` FOREIGN KEY (`user_id`) REFERENCES `employees` (`id`) ON DELETE CASCADE ON UPDATE RESTRICT;

--
-- Constraints for table `saugumo_standartai`
--
ALTER TABLE `saugumo_standartai`
  ADD CONSTRAINT `saugumo_standartai_ibfk_1` FOREIGN KEY (`strategijos_id`) REFERENCES `strategijos_tipai` (`strategijos_id`);

--
-- Constraints for table `stilius`
--
ALTER TABLE `stilius`
  ADD CONSTRAINT `stilius_ibfk_1` FOREIGN KEY (`atsakingasis_asmuo`) REFERENCES `employees` (`id`) ON DELETE CASCADE ON UPDATE RESTRICT,
  ADD CONSTRAINT `stilius_ibfk_2` FOREIGN KEY (`CERN`) REFERENCES `saugumo_standartai` (`saugumo_id`) ON DELETE CASCADE ON UPDATE RESTRICT;

--
-- Constraints for table `strategijos_mandatas`
--
ALTER TABLE `strategijos_mandatas`
  ADD CONSTRAINT `strategijos_mandatas_ibfk_1` FOREIGN KEY (`strategijos_id`) REFERENCES `strategijos_tipai` (`strategijos_id`),
  ADD CONSTRAINT `strategijos_mandatas_ibfk_2` FOREIGN KEY (`saugumo_tipas_fk`) REFERENCES `saugumo_standartai` (`saugumo_id`),
  ADD CONSTRAINT `strategijos_mandatas_ibfk_3` FOREIGN KEY (`architekturos_tipas_fk`) REFERENCES `architekturos_standartai` (`arch_id`);
COMMIT;

/*!40101 SET CHARACTER_SET_CLIENT=@OLD_CHARACTER_SET_CLIENT */;
/*!40101 SET CHARACTER_SET_RESULTS=@OLD_CHARACTER_SET_RESULTS */;
/*!40101 SET COLLATION_CONNECTION=@OLD_COLLATION_CONNECTION */;
